<?xml version="1.0" encoding="utf-8" ?>
<Defs>

  <DamageDef ParentName="LocalInjuryBase">
    <defName>PCut</defName>
    <label>poisonedTEST</label>
    <workerClass>DamageWorker_Cut</workerClass>
    <externalViolence>true</externalViolence>
    <deathMessage>{0} has been lethally poisoned.</deathMessage>
    <hediff>Poison</hediff>
    <hediffSkin>Poison</hediffSkin>
    <hediffSolid>Poison</hediffSolid>
    <harmAllLayersUntilOutside>true</harmAllLayersUntilOutside>
    <impactSoundType>Slice</impactSoundType>
    <armorCategory>Sharp</armorCategory>
    <cutExtraTargetsCurve>
      <points>
        <li>0, 0</li>
        <li>0.6, 1</li>
        <li>0.9, 2</li>
        <li>1, 3</li>
      </points>
    </cutExtraTargetsCurve>
    <cutCleaveBonus>1.4</cutCleaveBonus>
  </DamageDef>

</Defs>
